Year,Region,Sex,Age group,Value
2008,,,,1.0028504892907537
2009,,,,0.9572684671944258
2010,,,,0.8158133174385706
2011,,,,0.9307081464378409
2012,,,,0.8696330572326862
2013,,,,0.6458088704625025
2014,,,,0.7554559399519035
2015,,,,0.7018887442141406
2016,,,,0.6900433027306491
2008,,,,1.0028504892907537
2009,,,,0.9572684671944258
2010,,,,0.8158133174385706
2011,,,,0.9307081464378409
2012,,,,0.8696330572326862
2013,,,,0.6458088704625025
2014,,,,0.7554559399519035
2015,,,,0.7018887442141406
2016,,,,0.6900433027306491
2008,,Male,,1.372909065269054
2008,,Female,,0.5995593904657178
2008,London,,,1.7664766509548382
2008,East Midlands,,,1.2834585831292746
2008,East of England,,,0.963500836493908
2008,North West,,,1.7676103933766634
2008,South East,,,0.9849996421959131
2008,South West,,,0.8453338722977174
2008,West Midlands,,,0.745964513922245
2008,Yorkshire and The Humber,,,1.1733759082843225
2008,North East,,,0.7005766524267975
2008,London,Male,,2.4430706070796546
2008,London,Female,,1.0593904368320797
2008,East Midlands,Male,,1.6447804263819124
2008,East Midlands,Female,,0.7547561848939545
2008,East of England,Female,,0.6885193529019713
2008,East of England,Male,,1.2127412017409256
2008,North West,Female,,1.04244791563948
2008,North West,Male,,2.4932469672583877
2008,South East,Female,,0.5586784647143337
2008,South East,Male,,1.3315427714537567
2008,South West,Female,,0.6018635199235634
2008,South West,Male,,1.020955504403067
2008,West Midlands,Female,,0.5015612886399234
2008,West Midlands,Male,,0.9611986294786311
2008,Yorkshire and The Humber,Female,,0.49103261136430765
2008,Yorkshire and The Humber,Male,,1.8814727070825294
2008,North East,Female,,0.45563275999544367
2008,North East,Male,,0.9581129008305243
2008,,,0 to 20,0.33003229112097626
2008,,Male,0 to 20,0.29824108591567655
2008,,Female,0 to 20,0.3502466579658478
2008,London,,0 to 20,0.6437058442548759
2008,East Midlands,,0 to 20,0.3546951439574579
2008,East of England,,0 to 20,0.2771263384336127
2008,North West,,0 to 20,0.7228189494215781
2008,South East,,0 to 20,0.42018376036453275
2008,West Midlands,,0 to 20,0.20655068616137942
2008,North East,,0 to 20,0.4670416492174717
2008,London,Male,0 to 20,0.3903535822748246
2008,London,Female,0 to 20,0.9046644499037034
2008,East Midlands,Male,0 to 20,0.5199910561538341
2008,North West,Female,0 to 20,0.5683529699284444
2008,North West,Male,0 to 20,0.8707208153429715
2008,South East,Female,0 to 20,0.38290849635662566
2008,South East,Male,0 to 20,0.45567054654948036
2008,,,21 to 40,1.8546384180941604
2008,,Female,21 to 40,1.2160183380287775
2008,,Male,21 to 40,2.402948822662139
2008,London,,21 to 40,2.5890013547924897
2008,East Midlands,,21 to 40,2.2512654709560778
2008,East of England,,21 to 40,1.4242154607404836
2008,North West,,21 to 40,3.6945658912243737
2008,South East,,21 to 40,1.8671882649494604
2008,South West,,21 to 40,1.8861370498616048
2008,West Midlands,,21 to 40,1.1027919245304347
2008,Yorkshire and The Humber,,21 to 40,2.6535338257431507
2008,North East,,21 to 40,1.0691609682932677
2008,London,Male,21 to 40,3.4696578421702213
2008,London,Female,21 to 40,1.6342458346271114
2008,East Midlands,Male,21 to 40,2.431864371449912
2008,East Midlands,Female,21 to 40,1.553824479986741
2008,East of England,Female,21 to 40,1.3521772758495731
2008,East of England,Male,21 to 40,1.4967045287557759
2008,North West,Female,21 to 40,2.3751430483881415
2008,North West,Male,21 to 40,4.921900378548827
2008,South East,Female,21 to 40,0.996392154589337
2008,South East,Male,21 to 40,2.5644971021182745
2008,South West,Female,21 to 40,1.7405476395800534
2008,South West,Male,21 to 40,1.8736620881651695
2008,West Midlands,Female,21 to 40,0.964991487396522
2008,West Midlands,Male,21 to 40,1.240578495536674
2008,Yorkshire and The Humber,Female,21 to 40,1.0045246661031761
2008,Yorkshire and The Humber,Male,21 to 40,4.300951944030279
2008,North East,Female,21 to 40,0.9052613791355356
2008,North East,Male,21 to 40,1.2371529399393175
2008,,,41 to 60,1.064454418145797
2008,,Female,41 to 60,0.48156705773122205
2008,,Male,41 to 60,1.6350855426351014
2008,London,,41 to 60,2.0052548516328192
2008,East Midlands,,41 to 60,1.487284953055503
2008,East of England,,41 to 60,1.1030988642623871
2008,North West,,41 to 60,1.6597519259814888
2008,South East,,41 to 60,1.006500241122449
2008,South West,,41 to 60,1.0575989542461541
2008,West Midlands,,41 to 60,0.9048104596089132
2008,Yorkshire and The Humber,,41 to 60,1.0162579494963353
2008,North East,,41 to 60,0.9790839690385675
2008,London,Male,41 to 60,3.184374166160644
2008,London,Female,41 to 60,0.8561139915779786
2008,East Midlands,Male,41 to 60,2.3226260273472628
2008,East Midlands,Female,41 to 60,0.6584438009985301
2008,East of England,Female,41 to 60,0.5141209752360779
2008,East of England,Male,41 to 60,1.7036087675569989
2008,North West,Female,41 to 60,0.8502859086367791
2008,North West,Male,41 to 60,2.4814190264422167
2008,South East,Female,41 to 60,0.5211649426240829
2008,South East,Male,41 to 60,1.4110853098081895
2008,South West,Female,41 to 60,0.4161707298802261
2008,South West,Male,41 to 60,1.7205559116150428
2008,West Midlands,Male,41 to 60,1.5383776269546137
2008,Yorkshire and The Humber,Female,41 to 60,0.7227041856135614
2008,Yorkshire and The Humber,Male,41 to 60,1.3124182472800132
2008,North East,Male,41 to 60,1.705330294055787
2008,,,61 and over,0.47055922670178923
2008,,Female,61 and over,0.22734335226014102
2008,,Male,61 and over,0.7526729077837406
2008,London,,61 and over,0.7979904826335105
2008,East of England,,61 and over,0.8004123724542884
2008,North West,,61 and over,0.7577098701354165
2008,South East,,61 and over,0.3881303097612555
2008,South West,,61 and over,0.23804045100730784
2008,West Midlands,,61 and over,0.7784228115940024
2008,Yorkshire and The Humber,,61 and over,0.7398939731936414
2008,London,Male,61 and over,1.4000980068604802
2008,East of England,Female,61 and over,0.4388980732374585
2008,East of England,Male,61 and over,1.2371294355508584
2008,North West,Male,61 and over,1.386193512614361
2008,South East,Female,61 and over,0.3012151017203399
2008,South East,Male,61 and over,0.49532414011729275
2008,West Midlands,Female,61 and over,0.6313340562108277
2008,West Midlands,Male,61 and over,0.9567455343902183
2008,Yorkshire and The Humber,Male,61 and over,1.448981366099632
2009,,Male,,1.188908291348167
2009,,Female,,0.5042820797626748
2009,London,,,1.762648323708854
2009,East Midlands,,,0.8497976028104148
2009,East of England,,,0.8519601080980895
2009,North West,,,1.6174846367587554
2009,South East,,,1.024623709886865
2009,South West,,,0.784415613237951
2009,West Midlands,,,0.723588085181513
2009,Yorkshire and The Humber,,,1.0529653034531137
2009,North East,,,1.2813339540684487
2009,London,Male,,1.3289583343449602
2009,London,Female,,0.6948313234923711
2009,East Midlands,Male,,0.8623432407494398
2009,East Midlands,Female,,0.5290179575145678
2009,East of England,Female,,0.6495604356157405
2009,East of England,Male,,1.0260445487314551
2009,North West,Female,,0.646092279393898
2009,North West,Male,,2.5975595198659307
2009,South East,Female,,0.62399669420418
2009,South East,Male,,1.4169149870220192
2009,South West,Female,,0.2997906337161785
2009,South West,Male,,1.2899231205820132
2009,West Midlands,Female,,0.5701530575883096
2009,West Midlands,Male,,0.8450467218984304
2009,Yorkshire and The Humber,Female,,0.6769963776932703
2009,Yorkshire and The Humber,Male,,1.3257733060224033
2009,North East,Female,,0.6823454487558568
2009,North East,Male,,1.9101269358937525
2009,,,0 to 20,0.2909413267481083
2009,,Male,0 to 20,0.2970758085475147
2009,,Female,0 to 20,0.20693217616860418
2009,London,,0 to 20,0.38982593297527823
2009,East Midlands,,0 to 20,0.26475945720781147
2009,North West,,0 to 20,0.44574329086699854
2009,South East,,0 to 20,0.5572942620518366
2009,South West,,0 to 20,0.2391301402020012
2009,North East,,0 to 20,1.0949887059736327
2009,North West,Female,0 to 20,0.45590072305854673
2009,North West,Male,0 to 20,0.43602860783696024
2009,South East,Female,0 to 20,0.380955646286492
2009,South East,Male,0 to 20,0.725117151739828
2009,South West,Male,0 to 20,0.46696895123443244
2009,North East,Female,0 to 20,1.281197150617537
2009,North East,Male,0 to 20,0.9172404515268997
2009,,,21 to 40,1.162235505440804
2009,,Female,21 to 40,0.6020588997763174
2009,,Male,21 to 40,1.2986827306174582
2009,London,,21 to 40,2.0999286024275174
2009,East Midlands,,21 to 40,1.3062890852580051
2009,East of England,,21 to 40,0.8840788952006077
2009,North West,,21 to 40,2.179422006386796
2009,South East,,21 to 40,1.2344267916333294
2009,South West,,21 to 40,0.39557900899546666
2009,West Midlands,,21 to 40,0.969051271118396
2009,Yorkshire and The Humber,,21 to 40,0.6488679777164317
2009,North East,,21 to 40,1.99193419875213
2009,London,Male,21 to 40,1.4015603571456103
2009,London,Female,21 to 40,0.6292566591085951
2009,East Midlands,Male,21 to 40,0.8749901563607408
2009,East Midlands,Female,21 to 40,1.0401209313936235
2009,East of England,Female,21 to 40,0.5423964158444842
2009,East of England,Male,21 to 40,1.227849258310834
2009,North West,Female,21 to 40,0.6495249807307589
2009,North West,Male,21 to 40,3.6200206889667257
2009,South East,Female,21 to 40,0.9085920094784319
2009,South East,Male,21 to 40,1.564446931199305
2009,South West,Male,21 to 40,0.4724275532347115
2009,West Midlands,Female,21 to 40,1.3827051243051907
2009,West Midlands,Male,21 to 40,0.5544067016682097
2009,Yorkshire and The Humber,Male,21 to 40,1.010157858811679
2009,North East,Male,21 to 40,3.412609281056296
2009,,,41 to 60,0.8889726928754765
2009,,Female,41 to 60,0.3352215485200268
2009,,Male,41 to 60,1.1609071010365557
2009,London,,41 to 60,2.1763166848645668
2009,East Midlands,,41 to 60,1.3973644063338417
2009,East of England,,41 to 60,0.7748354120445582
2009,North West,,41 to 60,1.335569967839475
2009,South East,,41 to 60,0.6961031276783656
2009,South West,,41 to 60,0.35246340196265724
2009,West Midlands,,41 to 60,1.1772584144545173
2009,Yorkshire and The Humber,,41 to 60,0.9408856049568749
2009,London,Male,41 to 60,1.9311294854505485
2009,London,Female,41 to 60,0.5253094072408648
2009,East Midlands,Male,41 to 60,1.6502821157276835
2009,East Midlands,Female,41 to 60,0.6550729669401051
2009,East of England,Female,41 to 60,0.5114651302254155
2009,East of England,Male,41 to 60,0.913064518443251
2009,North West,Male,41 to 60,2.691013521804744
2009,South East,Female,41 to 60,0.5180094623061782
2009,South East,Male,41 to 60,0.877016040623383
2009,South West,Male,41 to 60,0.7164709506853045
2009,West Midlands,Female,41 to 60,0.689237827026118
2009,West Midlands,Male,41 to 60,1.669927664300008
2009,Yorkshire and The Humber,Female,41 to 60,0.5768368287241668
2009,Yorkshire and The Humber,Male,41 to 60,1.017087062652563
2009,,,61 and over,0.2145635795948503
2009,,Female,61 and over,0.11153471064759145
2009,,Male,61 and over,0.25522835280725664
2009,London,,61 and over,0.7831269213801482
2009,North West,,61 and over,0.5390138203143529
2009,South East,,61 and over,0.16199570063410518
2009,North West,Female,61 and over,0.3676988791312501
2009,North West,Male,61 and over,0.7481591544005973
2009,South East,Male,61 and over,0.35978556780159027
2010,,Male,,1.1394071829981751
2010,,Female,,0.5038498667598758
2010,London,,,1.7490552310706637
2010,East Midlands,,,0.7321828300463872
2010,East of England,,,0.7748731704813959
2010,North West,,,0.9401815205612712
2010,South East,,,0.8277208612820276
2010,South West,,,1.0453749760038926
2010,West Midlands,,,0.6467996175258262
2010,Yorkshire and The Humber,,,0.970543435815108
2010,North East,,,0.5411949894621604
2010,London,Male,,2.515129130502254
2010,London,Female,,1.0035353817203827
2010,East Midlands,Male,,1.0352442141101086
2010,East Midlands,Female,,0.437565333973929
2010,East of England,Female,,0.5081474671050737
2010,East of England,Male,,1.05060299358817
2010,North West,Female,,0.5876805368601629
2010,North West,Male,,1.30565310073752
2010,South East,Female,,0.48086698944290873
2010,South East,Male,,1.187462580085445
2010,South West,Female,,0.670657076270476
2010,South West,Male,,1.4355914151633373
2010,West Midlands,Female,,0.425134369031512
2010,West Midlands,Male,,0.8748813897782504
2010,Yorkshire and The Humber,Female,,0.7110368638933235
2010,Yorkshire and The Humber,Male,,1.2390450989183912
2010,North East,Female,,0.3023038576995281
2010,North East,Male,,0.7913295602739899
2010,,,0 to 20,0.3461535387307733
2010,,Male,0 to 20,0.3813874555760507
2010,,Female,0 to 20,0.30925101208836436
2010,London,,0 to 20,0.7196249890257189
2010,East Midlands,,0 to 20,0.2632544213580067
2010,East of England,,0 to 20,0.27452277646845663
2010,North West,,0 to 20,0.16734375810571328
2010,South East,,0 to 20,0.552533504250364
2010,South West,,0 to 20,0.47665237503962177
2010,West Midlands,,0 to 20,0.40962006373688187
2010,Yorkshire and The Humber,,0 to 20,0.29534332184447815
2010,London,Male,0 to 20,0.6590350408931243
2010,London,Female,0 to 20,0.7825797742257351
2010,North West,Male,0 to 20,0.3270253771692683
2010,South East,Female,0 to 20,0.37816011866664523
2010,South East,Male,0 to 20,0.7180935334779693
2010,South West,Female,0 to 20,0.8143494894843051
2010,West Midlands,Female,0 to 20,0.41984348234978
2010,West Midlands,Male,0 to 20,0.39988270107435153
2010,Yorkshire and The Humber,Male,0 to 20,0.5794439366262166
2010,,,21 to 40,1.498133639323675
2010,,Female,21 to 40,1.0729955323295912
2010,,Male,21 to 40,1.9270231572276038
2010,London,,21 to 40,3.076887973274635
2010,East Midlands,,21 to 40,1.2237751540426975
2010,East of England,,21 to 40,1.7613827667665012
2010,North West,,21 to 40,2.1287094126071997
2010,South East,,21 to 40,1.095016397870558
2010,South West,,21 to 40,1.4263447459402663
2010,West Midlands,,21 to 40,1.1094777133664329
2010,Yorkshire and The Humber,,21 to 40,1.5180419283180602
2010,North East,,21 to 40,0.9193373416441429
2010,London,Male,21 to 40,4.3624005389988225
2010,London,Female,21 to 40,1.7951164547278535
2010,East Midlands,Male,21 to 40,1.93191916850199
2010,East Midlands,Female,21 to 40,0.5220850685410681
2010,East of England,Female,21 to 40,1.6203078584931139
2010,East of England,Male,21 to 40,1.9034333859496704
2010,North West,Female,21 to 40,1.6268327626765522
2010,North West,Male,21 to 40,2.637191654607009
2010,South East,Female,21 to 40,0.6347076264654945
2010,South East,Male,21 to 40,1.5612401021969404
2010,South West,Female,21 to 40,1.4335364707606346
2010,South West,Male,21 to 40,1.4192248194036419
2010,West Midlands,Female,21 to 40,1.108251207301159
2010,West Midlands,Male,21 to 40,1.110706937197853
2010,Yorkshire and The Humber,Female,21 to 40,1.300957794038144
2010,Yorkshire and The Humber,Male,21 to 40,1.7351998299504166
2010,North East,Male,21 to 40,1.238765941369208
2010,,,41 to 60,0.9299650519133491
2010,,Female,41 to 60,0.4155558463127255
2010,,Male,41 to 60,1.4554559525055613
2010,London,,41 to 60,1.6691538798177912
2010,East Midlands,,41 to 60,1.0595162900629596
2010,East of England,,41 to 60,0.5121815991077796
2010,North West,,41 to 60,1.062148992949986
2010,South East,,41 to 60,1.2076872745560563
2010,South West,,41 to 60,1.543962579961471
2010,West Midlands,,41 to 60,0.5500459288350578
2010,Yorkshire and The Humber,,41 to 60,1.4389213845301563
2010,North East,,41 to 60,0.5591621514322939
2010,London,Male,41 to 60,2.8498448417808366
2010,London,Female,41 to 60,0.5156132859106607
2010,East Midlands,Male,41 to 60,1.309541153149201
2010,East Midlands,Female,41 to 60,0.8115908153890604
2010,East of England,Male,41 to 60,0.9053589489558626
2010,North West,Female,41 to 60,0.5268720554438001
2010,North West,Male,41 to 60,1.6060335468287263
2010,South East,Female,41 to 60,0.7703573345293845
2010,South East,Male,41 to 60,1.6518981178794496
2010,South West,Male,41 to 60,2.852517703437997
2010,West Midlands,Male,41 to 60,1.1054350094031067
2010,Yorkshire and The Humber,Female,41 to 60,1.0028940657325425
2010,Yorkshire and The Humber,Male,41 to 60,1.8787484644844281
2010,North East,Male,41 to 60,0.8532981395256232
2010,,,61 and over,0.3679899510205375
2010,,Female,61 and over,0.15089384713877144
2010,,Male,61 and over,0.6306333816155101
2010,London,,61 and over,0.4283007425021672
2010,East Midlands,,61 and over,0.3010497605149155
2010,East of England,,61 and over,0.5334272165234414
2010,North West,,61 and over,0.26452699597191515
2010,South East,,61 and over,0.3692512849944718
2010,South West,,61 and over,0.6840886305229705
2010,West Midlands,,61 and over,0.4981113278817816
2010,Yorkshire and The Humber,,61 and over,0.5323202687152717
2010,London,Male,61 and over,0.5744914314602998
2010,East of England,Male,61 and over,1.1682165005574061
2010,North West,Male,61 and over,0.4378577662832005
2010,South East,Male,61 and over,0.6996856079335019
2010,South West,Male,61 and over,1.1720208485765806
2010,West Midlands,Male,61 and over,0.9106638739641199
2010,Yorkshire and The Humber,Female,61 and over,0.48517232512367847
2010,Yorkshire and The Humber,Male,61 and over,0.5896180061477504
2011,,Male,,1.3506013504277017
2011,,Female,,0.5250422472603513
2011,London,,,1.9623599853103337
2011,East Midlands,,,0.749319882012973
2011,East of England,,,1.0746418969101146
2011,North West,,,0.9778965615031034
2011,South East,,,0.9476718706950272
2011,South West,,,1.1507629652784628
2011,West Midlands,,,0.8736478739065806
2011,Yorkshire and The Humber,,,1.0589590583736053
2011,North East,,,0.5391996197872395
2011,London,Male,,2.6393932651564076
2011,London,Female,,1.3010653074549836
2011,East Midlands,Male,,1.1622818095297274
2011,East Midlands,Female,,0.3477551751403736
2011,East of England,Female,,0.5373785398551831
2011,East of England,Male,,1.629115553166186
2011,North West,Female,,0.6688527002419574
2011,North West,Male,,1.2976800076822657
2011,South East,Female,,0.4544047956064509
2011,South East,Male,,1.4583355874810828
2011,South West,Female,,0.4811986436120695
2011,South West,Male,,1.8466908070192718
2011,West Midlands,Female,,0.5982951404005128
2011,West Midlands,Male,,1.1563785115963083
2011,Yorkshire and The Humber,Female,,0.4839472825057153
2011,Yorkshire and The Humber,Male,,1.6525946312196649
2011,North East,Female,,0.30146746826866483
2011,North East,Male,,0.7876508942200602
2011,,,0 to 20,0.22563118914969693
2011,,Male,0 to 20,0.18372495736968572
2011,,Female,0 to 20,0.2695465187874565
2011,London,,0 to 20,0.5209588863982845
2011,North West,,0 to 20,0.27908903107544725
2011,South East,,0 to 20,0.3656547780109842
2011,South West,,0 to 20,0.3166137525932645
2011,London,Male,0 to 20,0.4641305952103579
2011,London,Female,0 to 20,0.5801540889260187
2011,North West,Female,0 to 20,0.34278819346051537
2011,South East,Female,0 to 20,0.46941569012555934
2011,South East,Male,0 to 20,0.2672124927184596
2011,South West,Female,0 to 20,0.48690311764066224
2011,,,21 to 40,1.7785019513169837
2011,,Female,21 to 40,1.1522198868214382
2011,,Male,21 to 40,2.4070052347644237
2011,London,,21 to 40,3.146341413904935
2011,East Midlands,,21 to 40,1.3994479177964292
2011,East of England,,21 to 40,1.749590528524382
2011,North West,,21 to 40,1.8538147144907247
2011,South East,,21 to 40,2.0034112629959924
2011,South West,,21 to 40,2.0552433605758473
2011,West Midlands,,21 to 40,1.864389809383405
2011,Yorkshire and The Humber,,21 to 40,2.1691048610362973
2011,North East,,21 to 40,0.9204515121484259
2011,London,Male,21 to 40,4.049626826887902
2011,London,Female,21 to 40,2.238508312327533
2011,East Midlands,Male,21 to 40,2.105551285965448
2011,East Midlands,Female,21 to 40,0.6976103357947352
2011,East of England,Female,21 to 40,0.9406971103128623
2011,East of England,Male,21 to 40,2.560878138592029
2011,North West,Female,21 to 40,1.6288395821049169
2011,North West,Male,21 to 40,2.0806982385246755
2011,South East,Female,21 to 40,0.997548750660876
2011,South East,Male,21 to 40,3.0176919046299626
2011,South West,Female,21 to 40,1.593239565874083
2011,South West,Male,21 to 40,2.5101779873079124
2011,West Midlands,Female,21 to 40,1.1064272358128369
2011,West Midlands,Male,21 to 40,2.6201583954701597
2011,Yorkshire and The Humber,Female,21 to 40,1.159785033843977
2011,Yorkshire and The Humber,Male,21 to 40,3.173339333829528
2011,North East,Male,21 to 40,1.236105402707689
2011,,,41 to 60,1.1607003987630862
2011,,Female,41 to 60,0.4708094603511344
2011,,Male,41 to 60,1.8665264965478292
2011,London,,41 to 60,2.1000053268427803
2011,East Midlands,,41 to 60,0.8912511545753594
2011,East of England,,41 to 60,1.587615078278949
2011,North West,,41 to 60,1.3729068451023132
2011,South East,,41 to 60,1.0696711018083003
2011,South West,,41 to 60,1.4657138130963623
2011,West Midlands,,41 to 60,1.2963328109339534
2011,Yorkshire and The Humber,,41 to 60,1.500202527341191
2011,North East,,41 to 60,0.8374169038184814
2011,London,Male,41 to 60,3.2174230724522164
2011,London,Female,41 to 60,1.0112532258977907
2011,East Midlands,Male,41 to 60,1.4674590945777386
2011,East of England,Female,41 to 60,1.0053724590781992
2011,East of England,Male,41 to 60,2.1823858355456736
2011,North West,Female,41 to 60,0.5233957918978331
2011,North West,Male,41 to 60,2.2376322866897107
2011,South East,Female,41 to 60,0.25460517103102365
2011,South East,Male,41 to 60,1.8983977522970614
2011,South West,Male,41 to 60,2.9806428536958554
2011,West Midlands,Female,41 to 60,0.9496972500837768
2011,West Midlands,Male,41 to 60,1.6470032775365222
2011,Yorkshire and The Humber,Female,41 to 60,0.5690807070258704
2011,Yorkshire and The Humber,Male,41 to 60,2.4392938674717293
2011,North East,Male,41 to 60,1.4207491894625874
2011,,,61 and over,0.4133109751777237
2011,,Female,61 and over,0.1352137783921892
2011,,Male,61 and over,0.7475512820179464
2011,London,,61 and over,1.350523243349095
2011,East Midlands,,61 and over,0.5901271724056535
2011,East of England,,61 and over,0.7477093922767601
2011,North West,,61 and over,0.2603200635180955
2011,South East,,61 and over,0.25886522803179074
2011,South West,,61 and over,0.7464602853269795
2011,Yorkshire and The Humber,,61 and over,0.26197326999401827
2011,London,Male,61 and over,2.0693923699622054
2011,London,Female,61 and over,0.7654986687978149
2011,East Midlands,Male,61 and over,1.0658640000170538
2011,East of England,Male,61 and over,1.4695964977882572
2011,North West,Male,61 and over,0.42874721492954965
2011,South East,Male,61 and over,0.45646624375069184
2011,South West,Male,61 and over,1.639174970453871
2012,,Male,,1.2102740322262444
2012,,Female,,0.5341186338616147
2012,London,,,1.997985404836978
2012,East Midlands,,,0.766244772295041
2012,East of England,,,0.8802596359652419
2012,North West,,,0.6069728190513806
2012,South East,,,0.8367014386794697
2012,South West,,,1.385861997735052
2012,West Midlands,,,0.9747333173949667
2012,Yorkshire and The Humber,,,0.8275824192152601
2012,North East,,,0.4611287663652678
2012,London,Male,,2.606214823711489
2012,London,Female,,1.3800330161002266
2012,East Midlands,Male,,1.1100977152412863
2012,East Midlands,Female,,0.43183915546080043
2012,East of England,Female,,0.46651427200447854
2012,East of England,Male,,1.3074737954725622
2012,North West,Female,,0.3055036199401657
2012,North West,Male,,0.9185570043559697
2012,South East,Female,,0.6987868159215195
2012,South East,Male,,0.979368666312073
2012,South West,Female,,0.5882952050631627
2012,South West,Male,,2.175643933350484
2012,West Midlands,Female,,0.7701627739022643
2012,West Midlands,Male,,1.1844811434191305
2012,Yorkshire and The Humber,Female,,0.2593886653823222
2012,Yorkshire and The Humber,Male,,1.4132720762647448
2012,North East,Female,,0.30096934702442896
2012,North East,Male,,0.6283030085504185
2012,,,0 to 20,0.21264982509239166
2012,,Male,0 to 20,0.1466576716628047
2012,,Female,0 to 20,0.28181979238335897
2012,London,,0 to 20,0.6084441754809167
2012,South East,,0 to 20,0.18189871333945118
2012,South West,,0 to 20,0.23691891686989044
2012,West Midlands,,0 to 20,0.47601755552744784
2012,London,Male,0 to 20,0.27510139779020215
2012,London,Female,0 to 20,0.9559406934393792
2012,West Midlands,Female,0 to 20,0.4183989545604789
2012,West Midlands,Male,0 to 20,0.5308454377152413
2012,,,21 to 40,1.4908238905648055
2012,,Female,21 to 40,1.0595090941197245
2012,,Male,21 to 40,1.911282964027059
2012,London,,21 to 40,2.689129864803996
2012,East Midlands,,21 to 40,1.4045054780102721
2012,East of England,,21 to 40,1.349290037314616
2012,North West,,21 to 40,1.0379711706238863
2012,South East,,21 to 40,1.7800140027768219
2012,South West,,21 to 40,2.8482860438730992
2012,West Midlands,,21 to 40,1.655897582734508
2012,Yorkshire and The Humber,,21 to 40,1.1596110374677573
2012,North East,,21 to 40,0.46236645315611347
2012,London,Male,21 to 40,3.355333134250234
2012,London,Female,21 to 40,1.9531578858749643
2012,East Midlands,Male,21 to 40,1.9355020340366833
2012,East Midlands,Female,21 to 40,0.8758668892536388
2012,East of England,Female,21 to 40,0.8080710132806471
2012,East of England,Male,21 to 40,1.8925261438968737
2012,North West,Female,21 to 40,0.6538347955622053
2012,North West,Male,21 to 40,1.42414094175154
2012,South East,Female,21 to 40,1.3636661163516295
2012,South East,Male,21 to 40,2.1997803885912055
2012,South West,Female,21 to 40,1.9158862091317523
2012,South West,Male,21 to 40,3.764257123856607
2012,West Midlands,Female,21 to 40,1.6617276428393386
2012,West Midlands,Male,21 to 40,1.6501082883564233
2012,Yorkshire and The Humber,Female,21 to 40,0.43668885046027006
2012,Yorkshire and The Humber,Male,21 to 40,1.8764840462769834
2012,,,41 to 60,1.178115445299658
2012,,Female,41 to 60,0.5120505868739789
2012,,Male,41 to 60,1.8488997972651553
2012,London,,41 to 60,2.658751279837585
2012,East Midlands,,41 to 60,0.8027279908039482
2012,East of England,,41 to 60,1.4434778024493935
2012,North West,,41 to 60,0.8912455051081474
2012,South East,,41 to 60,1.0133346394090907
2012,South West,,41 to 60,1.936440490417386
2012,West Midlands,,41 to 60,1.2160896771552148
2012,Yorkshire and The Humber,,41 to 60,1.4163363062232401
2012,North East,,41 to 60,0.9733781087263348
2012,London,Male,41 to 60,4.268192918254959
2012,London,Female,41 to 60,1.0897627685522204
2012,East Midlands,Male,41 to 60,1.294934217341759
2012,East of England,Female,41 to 60,0.6205167663630271
2012,East of England,Male,41 to 60,2.285441483810186
2012,North West,Female,41 to 60,0.3113467198585241
2012,North West,Male,41 to 60,1.4832283949243923
2012,South East,Female,41 to 60,0.9207447988381875
2012,South East,Male,41 to 60,1.1075772769445862
2012,South West,Female,41 to 60,0.40810274394681606
2012,South West,Male,41 to 60,3.3762729604146062
2012,West Midlands,Female,41 to 60,0.8053194030972585
2012,West Midlands,Male,41 to 60,1.6324131964282798
2012,Yorkshire and The Humber,Male,41 to 60,2.5622556960367597
2012,North East,Male,41 to 60,1.7012010479398456
2012,,,61 and over,0.48658068568078744
2012,,Female,61 and over,0.22678762006403416
2012,,Male,61 and over,0.7969961533777654
2012,London,,61 and over,1.6619370707528158
2012,East Midlands,,61 and over,0.8687418012492508
2012,East of England,,61 and over,0.5143001146889256
2012,North West,,61 and over,0.32079351483830404
2012,South East,,61 and over,0.30514179176208706
2012,South West,,61 and over,0.5133805301167353
2012,West Midlands,,61 and over,0.4828911659890094
2012,Yorkshire and The Humber,,61 and over,0.5163822261237768
2012,London,Male,61 and over,2.2186231224901825
2012,London,Female,61 and over,1.207476088200091
2012,East Midlands,Male,61 and over,1.2514730881141345
2012,East Midlands,Female,61 and over,0.5390390012685384
2012,East of England,Male,61 and over,0.9607809227339982
2012,North West,Male,61 and over,0.7016529540291018
2012,South East,Female,61 and over,0.2799834249812411
2012,South East,Male,61 and over,0.33526782870496097
2012,South West,Male,61 and over,1.1241205763847961
2012,West Midlands,Male,61 and over,0.876912985678257
2012,Yorkshire and The Humber,Male,61 and over,0.9464212028634921
2013,,Male,,0.8530739886926787
2013,,Female,,0.3100762532767922
2013,London,,,1.2237803573272306
2013,East Midlands,,,1.391779065511693
2013,North West,,,0.8728385455637911
2013,South East,,,0.6710061430043743
2013,South West,,,0.6322527761475574
2013,West Midlands,,,0.5462832298802125
2013,Yorkshire and The Humber,,,0.8243233850614992
2013,North East,,,0.6512209818803508
2013,London,Male,,1.6565266429503267
2013,London,Female,,0.5880691127048568
2013,East Midlands,Male,,2.0283617891914774
2013,East Midlands,Female,,0.7294287157206049
2013,North West,Female,,0.3325714675298005
2013,North West,Male,,1.0014266037274815
2013,South East,Female,,0.26851891010859574
2013,South East,Male,,0.7863440713241826
2013,South West,Female,,0.3288009942942067
2013,South West,Male,,0.8710873973347755
2013,West Midlands,Female,,0.2089760071163296
2013,West Midlands,Male,,0.7490452348417321
2013,Yorkshire and The Humber,Female,,0.3693124952451016
2013,Yorkshire and The Humber,Male,,1.2927869711408122
2013,North East,Female,,0.7507355331385925
2013,North East,Male,,0.547536321212965
2013,,,0 to 20,0.23728239721160713
2013,,Male,0 to 20,0.14629828757854388
2013,,Female,0 to 20,0.24320768925430344
2013,London,,0 to 20,0.6008782066096602
2013,East Midlands,,0 to 20,0.2612516741878121
2013,North West,,0 to 20,0.2807800969589831
2013,South East,,0 to 20,0.22619327129304287
2013,West Midlands,,0 to 20,0.27165442297544445
2013,Yorkshire and The Humber,,0 to 20,0.5150008718229044
2013,London,Male,0 to 20,0.36158617005216787
2013,London,Female,0 to 20,0.7566707621471668
2013,West Midlands,Male,0 to 20,0.3973957332944769
2013,Yorkshire and The Humber,Female,0 to 20,0.7504521474188198
2013,,,21 to 40,1.1595167157872086
2013,,Female,21 to 40,0.6469503642036483
2013,,Male,21 to 40,1.4136919838480977
2013,London,,21 to 40,1.8728138660463196
2013,East Midlands,,21 to 40,2.454796672698453
2013,North West,,21 to 40,1.80511240653757
2013,South East,,21 to 40,1.370652234003232
2013,South West,,21 to 40,1.0271604938271606
2013,West Midlands,,21 to 40,0.8259110314871698
2013,Yorkshire and The Humber,,21 to 40,1.2315360151841146
2013,North East,,21 to 40,1.2280712526940814
2013,London,Male,21 to 40,2.468623462197702
2013,London,Female,21 to 40,0.9387518087735744
2013,East Midlands,Male,21 to 40,2.63651431715158
2013,East Midlands,Female,21 to 40,2.273955685851273
2013,North West,Female,21 to 40,0.6548588342639605
2013,North West,Male,21 to 40,2.19319167508304
2013,South East,Female,21 to 40,0.6370186073135196
2013,South East,Male,21 to 40,1.468064998577812
2013,South West,Female,21 to 40,0.7980693107234976
2013,South West,Male,21 to 40,1.095267972956269
2013,West Midlands,Female,21 to 40,0.4148184201502196
2013,West Midlands,Male,21 to 40,0.9592549603759184
2013,Yorkshire and The Humber,Female,21 to 40,0.5821916312863961
2013,Yorkshire and The Humber,Male,21 to 40,1.87500631011739
2013,North East,Female,21 to 40,0.9166462967489611
2013,North East,Male,21 to 40,1.5425052753680417
2013,,,41 to 60,0.7934681700243594
2013,,Female,41 to 60,0.2419871988771794
2013,,Male,41 to 60,1.2172352474928794
2013,London,,41 to 60,1.3735845946600918
2013,East Midlands,,41 to 60,1.9101451789925417
2013,North West,,41 to 60,1.1464806171817838
2013,South East,,41 to 60,0.5006508460999299
2013,South West,,41 to 60,0.9608752200575839
2013,West Midlands,,41 to 60,0.7373197755866719
2013,Yorkshire and The Humber,,41 to 60,1.194917803712961
2013,North East,,41 to 60,1.1096639244096935
2013,London,Male,41 to 60,2.2799795000104086
2013,London,Female,41 to 60,0.29135237029720856
2013,East Midlands,Male,41 to 60,3.3722859120347253
2013,East Midlands,Female,41 to 60,0.4733907082871777
2013,North West,Female,41 to 60,0.4119914223385869
2013,North West,Male,41 to 60,1.2657934098575772
2013,South East,Male,41 to 60,0.6736359923710724
2013,South West,Male,41 to 60,1.6756921306704724
2013,West Midlands,Male,41 to 60,1.2154573766108188
2013,Yorkshire and The Humber,Male,41 to 60,2.262241910010845
2013,North East,Female,41 to 60,1.6317472749820507
2013,,,61 and over,0.30083373922012435
2013,,Female,61 and over,0.07914721513927932
2013,,Male,61 and over,0.5172097630395633
2013,London,,61 and over,0.49002472991470303
2013,East Midlands,,61 and over,0.8546683886651979
2013,South East,,61 and over,0.6010072882150483
2013,South West,,61 and over,0.5058717253839204
2013,West Midlands,,61 and over,0.23858338727968811
2013,Yorkshire and The Humber,,61 and over,0.255230524209466
2013,London,Male,61 and over,0.906596943317746
2013,East Midlands,Male,61 and over,1.6373579591970395
2013,South East,Male,61 and over,1.098038354479722
2013,South West,Male,61 and over,0.6310880273134898
2013,Yorkshire and The Humber,Male,61 and over,0.5592559658630158
2014,,Male,,1.050520869635015
2014,,Female,,0.40240221930920955
2014,London,,,1.4990591647031528
2014,East Midlands,,,0.4097111902692298
2014,East of England,,,0.8806352138107529
2014,North West,,,0.813123134460705
2014,South East,,,0.698684602276044
2014,South West,,,1.0694589625547384
2014,West Midlands,,,0.7701350046663179
2014,Yorkshire and The Humber,,,0.8208913873008475
2014,North East,,,0.8401082975969084
2014,London,Male,,1.9130759687190821
2014,London,Female,,0.9989151317057986
2014,East Midlands,Male,,0.5244613126742195
2014,East Midlands,Female,,0.29795462661815963
2014,East of England,Female,,0.4581376703699462
2014,East of England,Male,,1.3164410320492632
2014,North West,Female,,0.30372904718265076
2014,North West,Male,,1.3385195745672167
2014,South East,Female,,0.3548452342510814
2014,South East,Male,,0.9622411972113333
2014,South West,Female,,0.2536435901728327
2014,South West,Male,,1.8021231263081818
2014,West Midlands,Female,,0.3807547181567041
2014,West Midlands,Male,,0.7789582142028868
2014,Yorkshire and The Humber,Female,,0.5517499116280559
2014,Yorkshire and The Humber,Male,,1.0979009647899374
2014,North East,Female,,0.5990292730630015
2014,North East,Male,,1.0910088402887745
2014,,,0 to 20,0.2673566208411201
2014,,Male,0 to 20,0.1577563838547748
2014,,Female,0 to 20,0.34426335483619247
2014,London,,0 to 20,0.6373019185974259
2014,East Midlands,,0 to 20,0.2602745549522006
2014,East of England,,0 to 20,0.26804118184717896
2014,South East,,0 to 20,0.3146297908565886
2014,West Midlands,,0 to 20,0.4735892790212128
2014,Yorkshire and The Humber,,0 to 20,0.4415394419824532
2014,London,Male,0 to 20,0.26685951714438966
2014,London,Female,0 to 20,1.0255702636834383
2014,South East,Female,0 to 20,0.2773907149930606
2014,South East,Male,0 to 20,0.2623914355435438
2014,West Midlands,Female,0 to 20,0.555408218097699
2014,Yorkshire and The Humber,Female,0 to 20,0.600578056379265
2014,,,21 to 40,1.1495979427827507
2014,,Female,21 to 40,0.7508969698960712
2014,,Male,21 to 40,1.5012375240417912
2014,London,,21 to 40,2.0262946611121833
2014,East Midlands,,21 to 40,0.9590302286328065
2014,East of England,,21 to 40,1.7433623156142906
2014,North West,,21 to 40,1.1478451939448433
2014,South East,,21 to 40,1.231063283036039
2014,South West,,21 to 40,0.6300820051729732
2014,West Midlands,,21 to 40,1.2327990291022757
2014,Yorkshire and The Humber,,21 to 40,1.0873969963195236
2014,North East,,21 to 40,1.3792596134395056
2014,London,Male,21 to 40,2.5790051785101418
2014,London,Female,21 to 40,1.4684189799827796
2014,East Midlands,Male,21 to 40,1.0471807276858875
2014,East Midlands,Female,21 to 40,0.8710422019946866
2014,East of England,Female,21 to 40,1.0709017260258569
2014,East of England,Male,21 to 40,2.418259471180393
2014,North West,Female,21 to 40,0.32762787589019227
2014,North West,Male,21 to 40,1.9697059229057101
2014,South East,Female,21 to 40,0.9085259711234105
2014,South East,Male,21 to 40,1.5560042542986905
2014,South West,Male,21 to 40,0.9350557059436816
2014,West Midlands,Female,21 to 40,0.5509535628789527
2014,West Midlands,Male,21 to 40,1.3622530575769878
2014,Yorkshire and The Humber,Female,21 to 40,0.8735366441342742
2014,Yorkshire and The Humber,Male,21 to 40,1.2994926203257973
2014,North East,Female,21 to 40,1.2216165040389697
2014,North East,Male,21 to 40,1.5380403520266757
2014,,,41 to 60,1.036943156456127
2014,,Female,41 to 60,0.35460461528201764
2014,,Male,41 to 60,1.643164330752079
2014,London,,41 to 60,1.9686873081130085
2014,East Midlands,,41 to 60,0.3162647863670901
2014,East of England,,41 to 60,1.1686971241439295
2014,North West,,41 to 60,1.3519767459999688
2014,South East,,41 to 60,0.9081070014224258
2014,South West,,41 to 60,1.842199886875281
2014,West Midlands,,41 to 60,1.001092525642985
2014,Yorkshire and The Humber,,41 to 60,0.9803598901156615
2014,North East,,41 to 60,1.5296430925489697
2014,London,Male,41 to 60,2.902614384776368
2014,London,Female,41 to 60,0.85791498062542
2014,East Midlands,Male,41 to 60,0.6384758304974365
2014,East of England,Female,41 to 60,0.3647456324750058
2014,East of England,Male,41 to 60,1.9919053944532905
2014,North West,Female,41 to 60,0.5130530968911035
2014,North West,Male,41 to 60,2.213900766642208
2014,South East,Male,41 to 60,1.5004488842912171
2014,South West,Female,41 to 60,0.40245443545033305
2014,South West,Male,41 to 60,3.332347513860483
2014,West Midlands,Male,41 to 60,1.2102972086512045
2014,Yorkshire and The Humber,Female,41 to 60,0.5566541744192357
2014,Yorkshire and The Humber,Male,41 to 60,1.4095068417462098
2014,North East,Female,41 to 60,0.8170312895749531
2014,North East,Male,41 to 60,2.2731211942978753
2014,,,61 and over,0.4365690209636923
2014,,Female,61 and over,0.12995627231349197
2014,,Male,61 and over,0.7838010755902367
2014,London,,61 and over,0.6405631831506261
2014,East of England,,61 and over,0.28389693973293817
2014,North West,,61 and over,0.5630658812106166
2014,South East,,61 and over,0.24592586908972508
2014,South West,,61 and over,1.4192207910169001
2014,West Midlands,,61 and over,0.31329424987566135
2014,Yorkshire and The Humber,,61 and over,0.7539854413788886
2014,London,Male,61 and over,1.240980729342103
2014,East of England,Male,61 and over,0.46224178018554385
2014,North West,Male,61 and over,0.951039146129882
2014,South East,Male,61 and over,0.4304328971254615
2014,South West,Male,61 and over,2.7826000924441585
2014,Yorkshire and The Humber,Male,61 and over,1.4638582546052066
2015,,Male,,0.9883257527916695
2015,,Female,,0.41470427544064675
2015,London,,,1.5333686968890947
2015,East Midlands,,,1.0690526782121506
2015,East of England,,,0.7570208333779043
2015,North West,,,0.6412190968986602
2015,South East,,,0.6928990033765415
2015,South West,,,0.49349500473389657
2015,West Midlands,,,0.8520257346548428
2015,Yorkshire and The Humber,,,0.6492812641914334
2015,North East,,,0.34290665204614307
2015,London,Male,,2.1580169634056015
2015,London,Female,,0.8936343674363303
2015,East Midlands,Male,,1.5589834907978835
2015,East Midlands,Female,,0.591255916254512
2015,East of England,Female,,0.32435044768470545
2015,East of England,Male,,1.1692522731934551
2015,North West,Female,,0.43962819544440773
2015,North West,Male,,0.8488013227719813
2015,South East,Female,,0.3741575951790894
2015,South East,Male,,0.9990071231478351
2015,South West,Female,,0.5389704371122107
2015,South West,Male,,0.44641262812042426
2015,West Midlands,Female,,0.6193565436051093
2015,West Midlands,Male,,1.0897236249972757
2015,Yorkshire and The Humber,Female,,0.18300505276950696
2015,Yorkshire and The Humber,Male,,1.1284936753571966
2015,North East,Female,,0.22430845702698582
2015,North East,Male,,0.46613635886906
2015,,,0 to 20,0.1732488332773884
2015,,Male,0 to 20,0.15695673922132797
2015,,Female,0 to 20,0.1903749472661396
2015,London,,0 to 20,0.44774502174697567
2015,North West,,0 to 20,0.16764731029449484
2015,South East,,0 to 20,0.26812682577610425
2015,West Midlands,,0 to 20,0.20225909929977898
2015,Yorkshire and The Humber,,0 to 20,0.22016134891390737
2015,London,Male,0 to 20,0.4372314852141429
2015,London,Female,0 to 20,0.4587766262484459
2015,South East,Female,0 to 20,0.36765381716575674
2015,West Midlands,Female,0 to 20,0.41529676414604605
2015,Yorkshire and The Humber,Male,0 to 20,0.43135303945730036
2015,,,21 to 40,1.1282182862782952
2015,,Female,21 to 40,0.862084230755251
2015,,Male,21 to 40,1.381888160888013
2015,London,,21 to 40,2.366947160863318
2015,East Midlands,,21 to 40,1.3798539597065396
2015,East of England,,21 to 40,0.9289289714367612
2015,North West,,21 to 40,1.302737104938188
2015,South East,,21 to 40,0.9520907913778659
2015,South West,,21 to 40,0.856910044699544
2015,West Midlands,,21 to 40,1.2216459371449593
2015,Yorkshire and The Humber,,21 to 40,1.0078192375415544
2015,North East,,21 to 40,0.6092211716541573
2015,London,Male,21 to 40,3.2622382869334308
2015,London,Female,21 to 40,1.391462911218703
2015,East Midlands,Male,21 to 40,1.5510956767516608
2015,East Midlands,Female,21 to 40,1.2083382242261456
2015,East of England,Female,21 to 40,0.5303710343163318
2015,East of England,Male,21 to 40,1.328157062541588
2015,North West,Female,21 to 40,1.3035855119506201
2015,North West,Male,21 to 40,1.3018898015377487
2015,South East,Female,21 to 40,0.5428405215973625
2015,South East,Male,21 to 40,1.3631716460297627
2015,South West,Female,21 to 40,1.2599377590747016
2015,South West,Male,21 to 40,0.4624420020655743
2015,West Midlands,Female,21 to 40,1.3658067547338861
2015,West Midlands,Male,21 to 40,1.0792521861602096
2015,Yorkshire and The Humber,Female,21 to 40,0.5783623092850285
2015,Yorkshire and The Humber,Male,21 to 40,1.4336300947629492
2015,,,41 to 60,1.0257910376060757
2015,,Female,41 to 60,0.4096172672793631
2015,,Male,41 to 60,1.6464711219474601
2015,London,,41 to 60,1.7399629999219368
2015,East Midlands,,41 to 60,2.1265351417808236
2015,East of England,,41 to 60,1.5869121253514096
2015,North West,,41 to 60,0.8308520283694426
2015,South East,,41 to 60,0.9827953484296159
2015,South West,,41 to 60,0.8834966896058654
2015,West Midlands,,41 to 60,1.2646676486700024
2015,Yorkshire and The Humber,,41 to 60,0.8393052231362879
2015,North East,,41 to 60,0.5589254100067211
2015,London,Male,41 to 60,2.8369786933443533
2015,London,Female,41 to 60,0.6548059482572339
2015,East Midlands,Male,41 to 60,3.499473488306987
2015,East Midlands,Female,41 to 60,0.7800251168087613
2015,East of England,Female,41 to 60,0.6035979265204028
2015,East of England,Male,41 to 60,2.592477371376087
2015,North West,Female,41 to 60,0.30714354455936166
2015,North West,Male,41 to 60,1.3698745616401402
2015,South East,Female,41 to 60,0.324422001651308
2015,South East,Male,41 to 60,1.57147914233631
2015,South West,Female,41 to 60,0.9352749641589273
2015,South West,Male,41 to 60,0.829895032110022
2015,West Midlands,Female,41 to 60,0.39636035498033395
2015,West Midlands,Male,41 to 60,2.1462566601026984
2015,Yorkshire and The Humber,Male,41 to 60,1.5498218409347397
2015,North East,Male,41 to 60,0.8575201660159041
2015,,,61 and over,0.3749845579275798
2015,,Female,61 and over,0.12847094777257712
2015,,Male,61 and over,0.6649808394839023
2015,London,,61 and over,0.9434525962243028
2015,East Midlands,,61 and over,0.4586276576326191
2015,East of England,,61 and over,0.279627201015606
2015,North West,,61 and over,0.18560279146598366
2015,South East,,61 and over,0.5333385051006555
2015,South West,,61 and over,0.20966338543468463
2015,West Midlands,,61 and over,0.6966154551104871
2015,Yorkshire and The Humber,,61 and over,0.49625862352745587
2015,London,Male,61 and over,1.3893713094824593
2015,London,Female,61 and over,0.5746102705839764
2015,East Midlands,Male,61 and over,0.7871753393709682
2015,East of England,Male,61 and over,0.6059412539954251
2015,North West,Male,61 and over,0.4017166692331898
2015,South East,Female,61 and over,0.26850419000788506
2015,South East,Male,61 and over,0.8464005230755232
2015,South West,Male,61 and over,0.4556120008201016
2015,West Midlands,Male,61 and over,1.1722367449330067
2015,Yorkshire and The Humber,Male,61 and over,1.0798436386411248
2016,,Male,,0.9203873014472874
2016,,Female,,0.4598685076635734
2016,London,,,1.6841353990240207
2016,East Midlands,,,0.7196624698350301
2016,East of England,,,0.6198473152944716
2016,North West,,,1.0249842685691484
2016,South East,,,0.48746457157348133
2016,South West,,,0.525747771962524
2016,West Midlands,,,0.4999367321445872
2016,Yorkshire and The Humber,,,0.7187958289936803
2016,North East,,,0.6826332044926366
2016,London,Male,,2.1464661745474327
2016,London,Female,,1.2021954356949065
2016,East Midlands,Male,,1.027824934005074
2016,East Midlands,Female,,0.41851353200728714
2016,East of England,Female,,0.3859910964720414
2016,East of England,Male,,0.860453617909614
2016,North West,Female,,0.6832966494138818
2016,North West,Male,,1.3479776123384883
2016,South East,Female,,0.3057394056382277
2016,South East,Male,,0.6745766019957574
2016,South West,Female,,0.42789871066986834
2016,South West,Male,,0.6269474555337518
2016,West Midlands,Female,,0.375672154326121
2016,West Midlands,Male,,0.6265993513304271
2016,Yorkshire and The Humber,Female,,0.363969494988686
2016,Yorkshire and The Humber,Male,,1.082793367927959
2016,North East,Female,,0.4469303704829306
2016,North East,Male,,0.9271012556813925
2016,,,0 to 20,0.16595414969580605
2016,,Male,0 to 20,0.13187772297525735
2016,,Female,0 to 20,0.1891910367845394
2016,London,,0 to 20,0.39725488049690405
2016,East of England,,0 to 20,0.26414984692516374
2016,North West,,0 to 20,0.2222098772290428
2016,Yorkshire and The Humber,,0 to 20,0.3648897266757013
2016,London,Female,0 to 20,0.5432327236149602
2016,East of England,Male,0 to 20,0.3859613009468917
2016,North West,Female,0 to 20,0.3417284625636469
2016,Yorkshire and The Humber,Male,0 to 20,0.5715706475609651
2016,,,21 to 40,1.067482061396721
2016,,Female,21 to 40,0.695488562748543
2016,,Male,21 to 40,1.4362082814527029
2016,London,,21 to 40,2.2902851339555057
2016,East Midlands,,21 to 40,0.9365137339739087
2016,East of England,,21 to 40,0.8581299895308141
2016,North West,,21 to 40,2.153739295242659
2016,South East,,21 to 40,0.8115569313950349
2016,South West,,21 to 40,0.8508242166229395
2016,West Midlands,,21 to 40,0.46879405408410035
2016,Yorkshire and The Humber,,21 to 40,0.9288859228052926
2016,London,Male,21 to 40,3.0990214839664376
2016,London,Female,21 to 40,1.459358200797075
2016,East Midlands,Male,21 to 40,1.1870362079958758
2016,East Midlands,Female,21 to 40,0.6839185111094014
2016,East of England,Female,21 to 40,0.6605351391483324
2016,East of England,Male,21 to 40,1.055464668320228
2016,North West,Female,21 to 40,1.6212114989289195
2016,North West,Male,21 to 40,2.682400555364211
2016,South East,Female,21 to 40,0.6313364761864391
2016,South East,Male,21 to 40,0.991705733862243
2016,South West,Female,21 to 40,0.4695408829246762
2016,South West,Male,21 to 40,1.223350083034887
2016,West Midlands,Male,21 to 40,0.7972426035817454
2016,Yorkshire and The Humber,Female,21 to 40,0.4312073374240536
2016,Yorkshire and The Humber,Male,21 to 40,1.420848104233417
2016,,,41 to 60,0.9864391005189473
2016,,Female,41 to 60,0.6453924920472359
2016,,Male,41 to 60,1.324869817013397
2016,London,,41 to 60,2.2607346834071764
2016,East Midlands,,41 to 60,1.0190667386807162
2016,East of England,,41 to 60,0.9696117613906656
2016,North West,,41 to 60,1.193693974232818
2016,South East,,41 to 60,0.6913089854308665
2016,South West,,41 to 60,0.744784645519748
2016,West Midlands,,41 to 60,1.0617162377554257
2016,Yorkshire and The Humber,,41 to 60,0.9079613543710308
2016,North East,,41 to 60,1.9649867433572923
2016,London,Male,41 to 60,3.0557338066942794
2016,London,Female,41 to 60,1.471264367816092
2016,East Midlands,Male,41 to 60,1.2675978229007392
2016,East Midlands,Female,41 to 60,0.7757205668345326
2016,East of England,Female,41 to 60,0.5992875669404212
2016,East of England,Male,41 to 60,1.3483349901510258
2016,North West,Female,41 to 60,0.5115073815630233
2016,North West,Male,41 to 60,1.7908139670848393
2016,South East,Female,41 to 60,0.24161690029678606
2016,South East,Male,41 to 60,1.1499275545640626
2016,South West,Female,41 to 60,0.9310751656981268
2016,South West,Male,41 to 60,0.5516343546843411
2016,West Midlands,Female,41 to 60,0.7902275196733726
2016,West Midlands,Male,41 to 60,1.3374008150120567
2016,Yorkshire and The Humber,Female,41 to 60,0.6934851233571337
2016,Yorkshire and The Humber,Male,41 to 60,1.1255193216495047
2016,North East,Female,41 to 60,1.3716555608288092
2016,North East,Male,41 to 60,2.5865785313981893
2016,,,61 and over,0.4653854513937747
2016,,Female,61 and over,0.25370980824358985
2016,,Male,61 and over,0.7133810367269364
2016,London,,61 and over,1.463205390140614
2016,East Midlands,,61 and over,0.8124664857574625
2016,East of England,,61 and over,0.3445464837997689
2016,North West,,61 and over,0.42800471538909296
2016,South East,,61 and over,0.38186376246546516
2016,South West,,61 and over,0.41310023464093326
2016,West Midlands,,61 and over,0.30596525152638415
2016,Yorkshire and The Humber,,61 and over,0.6535098790271525
2016,London,Male,61 and over,1.8662128941738532
2016,London,Female,61 and over,1.1282065746238137
2016,East Midlands,Male,61 and over,1.5458070948681137
2016,East of England,Male,61 and over,0.5964798740234506
2016,North West,Male,61 and over,0.6601618716909387
2016,South East,Female,61 and over,0.26478048814930794
2016,South East,Male,61 and over,0.5197645674415317
2016,South West,Male,61 and over,0.746459170922728
2016,Yorkshire and The Humber,Male,61 and over,1.2414781393435064
